Channel Id,Channel Url,Channel Title
UC-lHJZR3Gqxm24_Vd_AJ5Yw,http://www.youtube.com/channel/UC-lHJZR3Gqxm24_Vd_AJ5Yw,PewDiePie
UC0-gvTKzYKQcjzKcSPfeIkA,http://www.youtube.com/channel/UC0-gvTKzYKQcjzKcSPfeIkA,Kinertia
UC0aanx5rpr7D1M7KCFYzrLQ,http://www.youtube.com/channel/UC0aanx5rpr7D1M7KCFYzrLQ,Shoe0nHead
UC0e3QhIYukixgh5VVpKHH9Q,http://www.youtube.com/channel/UC0e3QhIYukixgh5VVpKHH9Q,Code Bullet
UC1E-JS8L0j1Ei70D9VEFrPQ,http://www.youtube.com/channel/UC1E-JS8L0j1Ei70D9VEFrPQ,Vaush
UC1_uAIS3r8Vu6JjXWvastJg,http://www.youtube.com/channel/UC1_uAIS3r8Vu6JjXWvastJg,Mathologer
UC1rFmaGLYr0Ve_Y_soxZNWQ,http://www.youtube.com/channel/UC1rFmaGLYr0Ve_Y_soxZNWQ,Quinn's Ideas
UC22uGvImj3o7m9Zf11jEDkg,http://www.youtube.com/channel/UC22uGvImj3o7m9Zf11jEDkg,Cambrian Chronicles
UC3Xb7sraEa6SoRZfPCU2jwQ,http://www.youtube.com/channel/UC3Xb7sraEa6SoRZfPCU2jwQ,King Ming Lam
UC3cpN6gcJQqcCM6mxRUo_dA,http://www.youtube.com/channel/UC3cpN6gcJQqcCM6mxRUo_dA,Wendigoon
UC4iraTePkGIYUGDsOl85BCw,http://www.youtube.com/channel/UC4iraTePkGIYUGDsOl85BCw,PF Jung
UC554eY5jNUfDq3yDOJYirOQ,http://www.youtube.com/channel/UC554eY5jNUfDq3yDOJYirOQ,Destiny
UC5T0tXJN5CrMZUEJuz4oovw,http://www.youtube.com/channel/UC5T0tXJN5CrMZUEJuz4oovw,Nerdrotic
UC5UYMeKfZbFYnLHzoTJB1xA,http://www.youtube.com/channel/UC5UYMeKfZbFYnLHzoTJB1xA,Schaffrillas Productions
UC5nlKFUNoskvV5XdW6PbgYw,http://www.youtube.com/channel/UC5nlKFUNoskvV5XdW6PbgYw,A Well-Rested Dog
UC6FO-Up1-oLj5nNivCNHL-Q,http://www.youtube.com/channel/UC6FO-Up1-oLj5nNivCNHL-Q,Ryan Chapman
UC6biysICWOJ-C3P4Tyeggzg,http://www.youtube.com/channel/UC6biysICWOJ-C3P4Tyeggzg,Low Level Learning
UC7M-Wz4zK8oikt6ATcoTwBA,http://www.youtube.com/channel/UC7M-Wz4zK8oikt6ATcoTwBA,Freya Holmér
UC7Ucs42FZy3uYzjrqzOIHsw,http://www.youtube.com/channel/UC7Ucs42FZy3uYzjrqzOIHsw,EmpLemon
UC7YOGHUfC1Tb6E4pudI9STA,http://www.youtube.com/channel/UC7YOGHUfC1Tb6E4pudI9STA,Mental Outlaw
UC7bYyWCCCLHDU0ZuNzGNTtg,http://www.youtube.com/channel/UC7bYyWCCCLHDU0ZuNzGNTtg,The Comments Section with Brett Cooper
UC92iwH5d9u0CeJtCx17YT9Q,http://www.youtube.com/channel/UC92iwH5d9u0CeJtCx17YT9Q,ENDYMIONtv
UC9K5PLkj0N_b9JTPdSRwPkg,http://www.youtube.com/channel/UC9K5PLkj0N_b9JTPdSRwPkg,New Discourses
UC9Kq-yEt1iYsbUzNOoIRK0g,http://www.youtube.com/channel/UC9Kq-yEt1iYsbUzNOoIRK0g,Pitch Meeting
UC9X7A_o3y1UJKCTLEmh1png,http://www.youtube.com/channel/UC9X7A_o3y1UJKCTLEmh1png,YMS Plays
UCAebQubO4U1HQaR-rwsqUhA,http://www.youtube.com/channel/UCAebQubO4U1HQaR-rwsqUhA,Bowblax
UCApR0iC5vPzRsUsmjeY3r9Q,http://www.youtube.com/channel/UCApR0iC5vPzRsUsmjeY3r9Q,Digital Genius
UCB5zZAm0b5-EqWkOEwHBE_A,http://www.youtube.com/channel/UCB5zZAm0b5-EqWkOEwHBE_A,Arch
UCBevyiJ2ierZY-0yZhfLrmQ,http://www.youtube.com/channel/UCBevyiJ2ierZY-0yZhfLrmQ,3Blue1BrownJapan
UCBwv2X8VB-e_v-cXobZD7QA,http://www.youtube.com/channel/UCBwv2X8VB-e_v-cXobZD7QA,Marius Heier
UCByBOwwOU5tKddYpsrHiUUw,http://www.youtube.com/channel/UCByBOwwOU5tKddYpsrHiUUw,Xidnaf
UCCAfRoTJrKPbSrh_Eg3i4vg,http://www.youtube.com/channel/UCCAfRoTJrKPbSrh_Eg3i4vg,TomDark
UCCFVFyadjMuaR5O89yRToew,http://www.youtube.com/channel/UCCFVFyadjMuaR5O89yRToew,Virbox
UCCcrR0XBH0aWbdffktUBEdw,http://www.youtube.com/channel/UCCcrR0XBH0aWbdffktUBEdw,Mutual Information
UCChWvNbRQYQ5fj1Nj3RQu8Q,http://www.youtube.com/channel/UCChWvNbRQYQ5fj1Nj3RQu8Q,surreal entertainment
UCE1jXbVAGJQEORz9nZqb5bQ,http://www.youtube.com/channel/UCE1jXbVAGJQEORz9nZqb5bQ,Ahoy
UCFNlhrf_TKA78zKc0gKgKpg,http://www.youtube.com/channel/UCFNlhrf_TKA78zKc0gKgKpg,Alexander Gustafsson
UCFQMnBA3CS502aghlcr0_aw,http://www.youtube.com/channel/UCFQMnBA3CS502aghlcr0_aw,Coffeezilla
UCFeTHAMU4wPstRNVHlKASBQ,http://www.youtube.com/channel/UCFeTHAMU4wPstRNVHlKASBQ,Proof of Concept
UCFk00pDre4y0J1c7nYA2LnA,http://www.youtube.com/channel/UCFk00pDre4y0J1c7nYA2LnA,Scott Shafer
UCG1h-Wqjtwz7uUANw6gazRw,http://www.youtube.com/channel/UCG1h-Wqjtwz7uUANw6gazRw,Lindsay Ellis
UCGeIjGngCkErevSNHdZYD5Q,http://www.youtube.com/channel/UCGeIjGngCkErevSNHdZYD5Q,Storymode
UCHH-ybUwH1CfJrXxnqw6Ljw,http://www.youtube.com/channel/UCHH-ybUwH1CfJrXxnqw6Ljw,MooLer
UCHmVAKGT0AcuD24zyjG1xYQ,http://www.youtube.com/channel/UCHmVAKGT0AcuD24zyjG1xYQ,Eric Rowland
UCHnyfMqiRRG1u-2MsSQLbXA,http://www.youtube.com/channel/UCHnyfMqiRRG1u-2MsSQLbXA,Veritasium
UCHqkE4s-UsTFvtVr_lp8ohQ,http://www.youtube.com/channel/UCHqkE4s-UsTFvtVr_lp8ohQ,Adam Dhalla
UCI2xq9OXUSbQGb3GdKx_ixg,http://www.youtube.com/channel/UCI2xq9OXUSbQGb3GdKx_ixg,Graduate Mathematics
UCIAmdxvgfnIEZnyQSiqgVgQ,http://www.youtube.com/channel/UCIAmdxvgfnIEZnyQSiqgVgQ,Keenan Crane
UCIZ5ZOeiXYbmKTl_85ghNPw,http://www.youtube.com/channel/UCIZ5ZOeiXYbmKTl_85ghNPw,Physics Explained
UCJ6z_yj_dDNrhn-c8ZyKV4g,http://www.youtube.com/channel/UCJ6z_yj_dDNrhn-c8ZyKV4g,TheGamerFromMars
UCJIfeSCssxSC_Dhc5s7woww,http://www.youtube.com/channel/UCJIfeSCssxSC_Dhc5s7woww,Lex Clips
UCJjSDX-jUChzOEyok9XYRJQ,http://www.youtube.com/channel/UCJjSDX-jUChzOEyok9XYRJQ,Jubilee
UCJnitYGnGNOkVNvHmjGE-gw,http://www.youtube.com/channel/UCJnitYGnGNOkVNvHmjGE-gw,WASU_ART
UCKzJFdi57J53Vr_BkTfN3uQ,http://www.youtube.com/channel/UCKzJFdi57J53Vr_BkTfN3uQ,Primer
UCLGRZ0xSaBMIUmtn8wkPP3w,http://www.youtube.com/channel/UCLGRZ0xSaBMIUmtn8wkPP3w,Brittany Venti
UCLOPC6bOBuiSBAJ16JXLAHg,http://www.youtube.com/channel/UCLOPC6bOBuiSBAJ16JXLAHg,Last Night On Destiny
UCLXo7UDZvByw2ixzpQCufnA,http://www.youtube.com/channel/UCLXo7UDZvByw2ixzpQCufnA,Vox
UCMdWcmhasDY_-bE64HXL8wA,http://www.youtube.com/channel/UCMdWcmhasDY_-bE64HXL8wA,Glitch Poachers
UCMethyLk5GtQUyH6Us-dSmw,http://www.youtube.com/channel/UCMethyLk5GtQUyH6Us-dSmw,Highly Entropic Mind
UCNhX3WQEkraW3VHPyup8jkQ,http://www.youtube.com/channel/UCNhX3WQEkraW3VHPyup8jkQ,Langfocus
UCNvsIonJdJ5E4EXMa65VYpA,http://www.youtube.com/channel/UCNvsIonJdJ5E4EXMa65VYpA,ContraPoints
UCQD3awTLw9i8Xzh85FKsuJA,http://www.youtube.com/channel/UCQD3awTLw9i8Xzh85FKsuJA,SovietWomble
UCQbsk1JQNaskUlfdoyiWJDg,http://www.youtube.com/channel/UCQbsk1JQNaskUlfdoyiWJDg,3Blue1Brown Español
UCQeWZ0ninG-2pzlaenh2ECw,http://www.youtube.com/channel/UCQeWZ0ninG-2pzlaenh2ECw,The Rageaholic
UCQfyToF3E2jfnvOunuG985A,http://www.youtube.com/channel/UCQfyToF3E2jfnvOunuG985A,PeakMath
UCQmWt938Z8TkdPq6uasdlbA,http://www.youtube.com/channel/UCQmWt938Z8TkdPq6uasdlbA,diesel patches
UCQoJIigcorV_0MQ7-A9kg7A,http://www.youtube.com/channel/UCQoJIigcorV_0MQ7-A9kg7A,HexagonVideos
UCQztlwsK5pV45U8vMtfbWjg,http://www.youtube.com/channel/UCQztlwsK5pV45U8vMtfbWjg,Dr. Jordan B Cooper
UCR1D15p_vdP3HkrH8wgjQRw,http://www.youtube.com/channel/UCR1D15p_vdP3HkrH8wgjQRw,Internet Historian
UCR2uRTQ53V_egXKFflMMaaw,http://www.youtube.com/channel/UCR2uRTQ53V_egXKFflMMaaw,Artem Kirsanov
UCR9X2tT0_WVfuYO17vqstlA,http://www.youtube.com/channel/UCR9X2tT0_WVfuYO17vqstlA,Josh Strife Plays
UCRcgy6GzDeccI7dkbbBna3Q,http://www.youtube.com/channel/UCRcgy6GzDeccI7dkbbBna3Q,LEMMiNO
UCSFy-1JrpZf0tFlRZfo-Rvw,http://www.youtube.com/channel/UCSFy-1JrpZf0tFlRZfo-Rvw,Sydney Watson
UCSHtaUm-FjUps090S7crO4Q,http://www.youtube.com/channel/UCSHtaUm-FjUps090S7crO4Q,Bernadette Banner
UCSJPFQdZwrOutnmSFYtbstA,http://www.youtube.com/channel/UCSJPFQdZwrOutnmSFYtbstA,The Critical Drinker
UCSPLhwvj0gBufjDRzSQb3GQ,http://www.youtube.com/channel/UCSPLhwvj0gBufjDRzSQb3GQ,BobbyBroccoli
UCSbZ_nFXGttEGgMUQbwM3RA,http://www.youtube.com/channel/UCSbZ_nFXGttEGgMUQbwM3RA,うにうに絵日記
UCTYLIcLSUX6YZ_DIjBEjbvQ,http://www.youtube.com/channel/UCTYLIcLSUX6YZ_DIjBEjbvQ,zetamath
UCTmPSm2hC150-QrjdzWSu4Q,http://www.youtube.com/channel/UCTmPSm2hC150-QrjdzWSu4Q,Chud Logic
UCTpmmkp1E4nmZqWPS-dl5bg,http://www.youtube.com/channel/UCTpmmkp1E4nmZqWPS-dl5bg,Quanta Magazine
UCUQewPZn0ZNGV_cipdoaxcw,http://www.youtube.com/channel/UCUQewPZn0ZNGV_cipdoaxcw,Bigbunjeeeeee
UCUk0AvSMU5CJ0wUqJf9TX8g,http://www.youtube.com/channel/UCUk0AvSMU5CJ0wUqJf9TX8g,Coleman Hughes
UCV4Rx1m-9HmtqHET7GjnVOA,http://www.youtube.com/channel/UCV4Rx1m-9HmtqHET7GjnVOA,braintruffle
UCVp2JlxMcDwvZcUu9KATXJg,http://www.youtube.com/channel/UCVp2JlxMcDwvZcUu9KATXJg,NumberCruncher
UCVt7ujK-9TT9KByzL9g_2QQ,http://www.youtube.com/channel/UCVt7ujK-9TT9KByzL9g_2QQ,ShortFatOtaku
UCVwUJd9Fqj_sXschfpGGleA,http://www.youtube.com/channel/UCVwUJd9Fqj_sXschfpGGleA,The Human Spider
UCWNx17Jt6eW4N4ayAEiXdEA,http://www.youtube.com/channel/UCWNx17Jt6eW4N4ayAEiXdEA,quantpie
UCWkr1kaJbGMKYYJI9Q5Rt0A,http://www.youtube.com/channel/UCWkr1kaJbGMKYYJI9Q5Rt0A,sensitive soci3ty
UCWu-IOxbeSD-MRM2Q87ZF0A,http://www.youtube.com/channel/UCWu-IOxbeSD-MRM2Q87ZF0A,Think Before You Sleep
UCWul-fy84WOBE_YMcw7uJ9w,http://www.youtube.com/channel/UCWul-fy84WOBE_YMcw7uJ9w,Kieran Borovac
UCXCmvkvWpyXS77YWYdpiswQ,http://www.youtube.com/channel/UCXCmvkvWpyXS77YWYdpiswQ,Melina
UCXN2nYjVT0cR9G61RPEzK5Q,http://www.youtube.com/channel/UCXN2nYjVT0cR9G61RPEzK5Q,Matthias Niessner
UCXR5PCyUI2pG_a3ydnCIS-g,http://www.youtube.com/channel/UCXR5PCyUI2pG_a3ydnCIS-g,NesHacker
UCXX1iQGufHujuIvQ38MPKMA,http://www.youtube.com/channel/UCXX1iQGufHujuIvQ38MPKMA,MauLer
UCXoKg7Uvy4E7G3oW-Id5k1A,http://www.youtube.com/channel/UCXoKg7Uvy4E7G3oW-Id5k1A,Acheeto
UCYMbbNRzlXOhQHBB6EoudZg,http://www.youtube.com/channel/UCYMbbNRzlXOhQHBB6EoudZg,Joon The King
UCYO_jab_esuFRV4b17AJtAw,http://www.youtube.com/channel/UCYO_jab_esuFRV4b17AJtAw,3Blue1Brown
UCYcOHH6u-8w2yB1mKbXP1Uw,http://www.youtube.com/channel/UCYcOHH6u-8w2yB1mKbXP1Uw,The Little Platoon
UCYvEb6iLPxLPZTe6NcUUUeA,http://www.youtube.com/channel/UCYvEb6iLPxLPZTe6NcUUUeA,j aubrey
UCZxYx7ZXZ6OVymAGK_Zto7A,http://www.youtube.com/channel/UCZxYx7ZXZ6OVymAGK_Zto7A,not all wrong
UC_SvYP0k05UKiJ_2ndB02IA,http://www.youtube.com/channel/UC_SvYP0k05UKiJ_2ndB02IA,blackpenredpen
UC_Vl1oLTGjWYJLmbTpaqorQ,http://www.youtube.com/channel/UC_Vl1oLTGjWYJLmbTpaqorQ,Spill
UC_iUeUzozCHEReJ-shKcCYA,http://www.youtube.com/channel/UC_iUeUzozCHEReJ-shKcCYA,Internet Anarchist
UC_uuCO-tZMc73_qRvr46OFA,http://www.youtube.com/channel/UC_uuCO-tZMc73_qRvr46OFA,Mind Pulp
UCaHT88aobpcvRFEuy4v5Clg,http://www.youtube.com/channel/UCaHT88aobpcvRFEuy4v5Clg,Lessons in Meme Culture
UCaJ84U5xsjX9KT1mIF3B22w,http://www.youtube.com/channel/UCaJ84U5xsjX9KT1mIF3B22w,Rev says desu
UCamjnFmK1_lsTWJGWzkC8ew,http://www.youtube.com/channel/UCamjnFmK1_lsTWJGWzkC8ew,Dapz
UCayZHNob_pvVyP3mJuHIIiA,http://www.youtube.com/channel/UCayZHNob_pvVyP3mJuHIIiA,Baggage Claim
UCcBaDcVabV0r0V4P8nrSqqg,http://www.youtube.com/channel/UCcBaDcVabV0r0V4P8nrSqqg,Oliver Lugg
UCcWkShE9dqAw8uM1RJC99fQ,http://www.youtube.com/channel/UCcWkShE9dqAw8uM1RJC99fQ,Xanderhal
UCczSVX9eQ0SkgIeMs18V-hg,http://www.youtube.com/channel/UCczSVX9eQ0SkgIeMs18V-hg,moderndaymath
UCdPj29tirbbEOZJP3Gs6nTQ,http://www.youtube.com/channel/UCdPj29tirbbEOZJP3Gs6nTQ,Sheev Talks
UCdwo4k1RQHTcq_-WS7Cazqg,http://www.youtube.com/channel/UCdwo4k1RQHTcq_-WS7Cazqg,The Bright Side of Mathematics
UCe02lGcO-ahAURWuxAJnjdA,http://www.youtube.com/channel/UCe02lGcO-ahAURWuxAJnjdA,Timcast
UCeRxxz9ByOqdd8A-0iF_Idg,http://www.youtube.com/channel/UCeRxxz9ByOqdd8A-0iF_Idg,Mayday: Air Disaster
UCfY6v9YemG9G9ZI_4bfaCgQ,http://www.youtube.com/channel/UCfY6v9YemG9G9ZI_4bfaCgQ,Mathacy
UCfgh3Ul_dG6plQ7rzuOLx-w,http://www.youtube.com/channel/UCfgh3Ul_dG6plQ7rzuOLx-w,Max0r
UCfqPst3x4TrBUsYAF83uOBg,http://www.youtube.com/channel/UCfqPst3x4TrBUsYAF83uOBg,davidrandallmiller
UCgW2GeFYg4UFgRgDxbl8DsQ,http://www.youtube.com/channel/UCgW2GeFYg4UFgRgDxbl8DsQ,mathematimpa
UChft9yG7LZTlrCczYoRvDtg,http://www.youtube.com/channel/UChft9yG7LZTlrCczYoRvDtg,Keffals
UChzVhAwzGR7hV-4O8ZmBLHg,http://www.youtube.com/channel/UChzVhAwzGR7hV-4O8ZmBLHg,Glenn Greenwald
UCjZeJQVSkkydgZmSUucB9kA,http://www.youtube.com/channel/UCjZeJQVSkkydgZmSUucB9kA,Quantum Sense
UCk7X9Wzqmrgpv9TrBpUnT-g,http://www.youtube.com/channel/UCk7X9Wzqmrgpv9TrBpUnT-g,Disparu
UCkd3_AfX9YwXbxgsgCtCyAg,http://www.youtube.com/channel/UCkd3_AfX9YwXbxgsgCtCyAg,Imaginary Angle
UCkgKbO073CuS1ZZFKoOgTVw,http://www.youtube.com/channel/UCkgKbO073CuS1ZZFKoOgTVw,Eyesomorphic
UCl7dSJloxuCa9IBFml7sakw,http://www.youtube.com/channel/UCl7dSJloxuCa9IBFml7sakw,PolyMars
UClFmbs3Ox9z0iPOW8rkxmOg,http://www.youtube.com/channel/UClFmbs3Ox9z0iPOW8rkxmOg,Spilling The Milk
UClt01z1wHHT7c5lKcU8pxRQ,http://www.youtube.com/channel/UClt01z1wHHT7c5lKcU8pxRQ,hbomberguy
UCmCylh0ZK5plLdvueo06OYA,http://www.youtube.com/channel/UCmCylh0ZK5plLdvueo06OYA,Pop Culture Crisis
UCmFeOdJI3IXgTBDzqBLD8qg,http://www.youtube.com/channel/UCmFeOdJI3IXgTBDzqBLD8qg,Moon
UCmtyQOKKmrMVaKuRXz02jbQ,http://www.youtube.com/channel/UCmtyQOKKmrMVaKuRXz02jbQ,Sebastian Lague
UCn8zNIfYAQNdrFRrr8oibKw,http://www.youtube.com/channel/UCn8zNIfYAQNdrFRrr8oibKw,VICE
UCnQC_G5Xsjhp9fEJKuIcrSw,http://www.youtube.com/channel/UCnQC_G5Xsjhp9fEJKuIcrSw,Ben Shapiro
UCnlvhYDQLq4d_C3JYEVnWAQ,http://www.youtube.com/channel/UCnlvhYDQLq4d_C3JYEVnWAQ,QOVES Studio
UConVfxXodg78Tzh5nNu85Ew,http://www.youtube.com/channel/UConVfxXodg78Tzh5nNu85Ew,Welch Labs
UCpCSAcbqs-sjEVfk_hMfY9w,http://www.youtube.com/channel/UCpCSAcbqs-sjEVfk_hMfY9w,Zach Star
UCpnyVXM0hAd6BAjSrmZ8GfQ,http://www.youtube.com/channel/UCpnyVXM0hAd6BAjSrmZ8GfQ,The Writer's Block
UCqBN8cSd6hfwqq0BM2biXOg,http://www.youtube.com/channel/UCqBN8cSd6hfwqq0BM2biXOg,UBERSOY
UCqq5iqLTPwveEF2fpG2OzyA,http://www.youtube.com/channel/UCqq5iqLTPwveEF2fpG2OzyA,MentisWave
UCr7lmzIk63PZnBw3bezl-Mg,http://www.youtube.com/channel/UCr7lmzIk63PZnBw3bezl-Mg,The Math Sorcerer
UCrAEoSV-HqWRmJu_fKYkfGA,http://www.youtube.com/channel/UCrAEoSV-HqWRmJu_fKYkfGA,The Movie Cynic
UCrMR2wQzVHlp6vNXTAqVLMQ,http://www.youtube.com/channel/UCrMR2wQzVHlp6vNXTAqVLMQ,Rachel Richards
UCrlZs71h3mTR45FgQNINfrg,http://www.youtube.com/channel/UCrlZs71h3mTR45FgQNINfrg,Mathemaniac
UCrwbBzP11NhxRUCRKx_BgoQ,http://www.youtube.com/channel/UCrwbBzP11NhxRUCRKx_BgoQ,Cash Jordan
UCrzKp7Z7PuuuAPXfQnDTdpQ,http://www.youtube.com/channel/UCrzKp7Z7PuuuAPXfQnDTdpQ,Barney Codes
UCsooa4yRKGN_zEE8iknghZA,http://www.youtube.com/channel/UCsooa4yRKGN_zEE8iknghZA,TED-Ed
UCsvMBYWqE7UW6VosUQtW8Ug,http://www.youtube.com/channel/UCsvMBYWqE7UW6VosUQtW8Ug,Misha Petrov
UCsvn_Po0SmunchJYOWpOxMg,http://www.youtube.com/channel/UCsvn_Po0SmunchJYOWpOxMg,videogamedunkey
UCtMVHI3AJD4Qk4hcbZnI9ZQ,http://www.youtube.com/channel/UCtMVHI3AJD4Qk4hcbZnI9ZQ,SomeOrdinaryGamers
UCtMVmrzY6bouXT4Zd48V6LA,http://www.youtube.com/channel/UCtMVmrzY6bouXT4Zd48V6LA,Martin DeCoder
UCtUbO6rBht0daVIOGML3c8w,http://www.youtube.com/channel/UCtUbO6rBht0daVIOGML3c8w,Summoning Salt
UCu7Zwf4X_OQ-TEnou0zdyRA,http://www.youtube.com/channel/UCu7Zwf4X_OQ-TEnou0zdyRA,Morphocular
UCuF49lP5gkkw5L8HK3H6GJg,http://www.youtube.com/channel/UCuF49lP5gkkw5L8HK3H6GJg,SunnyV2
UCuHB_2AOt8vjuvZZp6tSoxg,http://www.youtube.com/channel/UCuHB_2AOt8vjuvZZp6tSoxg,Recursion
UCuVgoagmU3hmfMwtxG9s4Sw,http://www.youtube.com/channel/UCuVgoagmU3hmfMwtxG9s4Sw,Optimus
UCul6aD7dmSMP5CHC5GVgn3w,http://www.youtube.com/channel/UCul6aD7dmSMP5CHC5GVgn3w,Jesse Grant
UCv0nF8zWevEsSVcmz6mlw6A,http://www.youtube.com/channel/UCv0nF8zWevEsSVcmz6mlw6A,vcubingx
UCwhgDDinfzqd9OyEZagMOPA,http://www.youtube.com/channel/UCwhgDDinfzqd9OyEZagMOPA,Blue Speed
UCz5KKoq3w_50HRs0o8pRdSA,http://www.youtube.com/channel/UCz5KKoq3w_50HRs0o8pRdSA,bprp precalculus
UCzBjutX2PmitNF4avysL-vg,http://www.youtube.com/channel/UCzBjutX2PmitNF4avysL-vg,Aleph 0
UCzKFvBRI6VT3jYJq6a820nA,http://www.youtube.com/channel/UCzKFvBRI6VT3jYJq6a820nA,Ryan Long
UCzzLIhDbFYU46T4VFBz_m_g,http://www.youtube.com/channel/UCzzLIhDbFYU46T4VFBz_m_g,Actual Justice Warrior





